mu_mean,mu_std,mu_cv,valid_count,can_be_constant
0.3990069106652729,0.4714143173680876,1.1814690542128412,11,not_recommended
