mu_mean,mu_std,mu_cv,valid_count,can_be_constant
0.39608728970464235,0.4741974274844633,1.197204353207261,11,not_recommended
